<?xml version="1.0" encoding="UTF-8"?>
<project-private xmlns="http://www.netbeans.org/ns/project-private/1">
    <editor-bookmarks xmlns="http://www.netbeans.org/ns/editor-bookmarks/2" lastBookmarkId="0"/>
    <open-files xmlns="http://www.netbeans.org/ns/projectui-open-files/2">
        <group>
            <file>file:/D:/Descargas/Proyecto%20Final/Proyecto%20Final/src/proyecto/pkgfinal/ProyectoFinal.java</file>
            <file>file:/D:/Descargas/Proyecto%20Final/Proyecto%20Final/src/proyecto/pkgfinal/Camara.java</file>
            <file>file:/D:/Descargas/Proyecto%20Final/Proyecto%20Final/src/proyecto/pkgfinal/Robot.java</file>
            <file>file:/D:/Descargas/Proyecto%20Final/Proyecto%20Final/src/proyecto/pkgfinal/Extension.java</file>
            <file>file:/D:/Descargas/Proyecto%20Final/Proyecto%20Final/src/proyecto/pkgfinal/Rotacion.java</file>
            <file>file:/D:/Descargas/Proyecto%20Final/Proyecto%20Final/src/proyecto/pkgfinal/Helicoidal.java</file>
        </group>
    </open-files>
</project-private>
